{"type":"LSTMTimeStep","options":{"inputSize":2,"inputRange":0,"hiddenLayers":[10],"outputSize":2,"decayRate":0.999,"smoothEps":1e-8,"regc":0.000001,"clipval":5,"maxPredictionLength":100,"dataFormatter":{"indexTable":{},"characterTable":{},"characters":[],"specialIndexes":[]}},"hiddenLayers":[{"inputMatrix":{"rows":10,"columns":2,"weights":[-0.562989354133606,-0.5799964666366577,0.29102882742881775,0.6341385841369629,0.4927688539028168,-0.29029756784439087,0.5633595585823059,0.7778445482254028,-0.5908662676811218,-0.5765203237533569,-0.43671393394470215,-0.4934253990650177,-0.6654324531555176,-0.5580445528030396,0.6734125018119812,0.678533136844635,-1.1059668064117432,0.641025722026825,-0.6378458142280579,-0.5759433507919312]},"inputHidden":{"rows":10,"columns":10,"weights":[0.03153939172625542,0.4408520460128784,0.2405158430337906,-0.39209988713264465,0.048066359013319016,0.0068445769138634205,0.03852839395403862,0.42164346575737,-0.27634260058403015,0.10402584075927734,-0.3336867690086365,-0.34216544032096863,-0.43031537532806396,0.2926045358181,-0.2712104320526123,-0.2038763165473938,-0.20809757709503174,-0.3595047891139984,0.3734453022480011,-0.2635182738304138,-0.06805924326181412,-0.009497060440480709,-2.2056355476379395,-0.08011545240879059,0.05110310763120651,0.16363036632537842,-0.12387744337320328,0.026032181456685066,-0.6127535104751587,-0.07186933606863022,0.19026681780815125,-0.5521607398986816,-0.38509124517440796,0.5077428817749023,0.08114639669656754,0.1428249180316925,0.029401538893580437,-0.5450558662414551,0.4098129868507385,0.03513074293732643,-0.04747919365763664,0.4124717116355896,0.26544445753097534,-0.41582438349723816,0.09379655122756958,-0.06623931974172592,0.09147001057863235,0.35715484619140625,-0.3631688058376312,0.10518534481525421,-0.13161738216876984,0.43664756417274475,0.20744678378105164,-0.5498130321502686,-0.062480878084897995,-0.163107231259346,0.040792107582092285,0.50377357006073,-0.39686164259910583,-0.03609625995159149,-0.015452605672180653,0.329574853181839,0.3748871982097626,-0.3381166458129883,0.02233896031975746,0.06694774329662323,0.03188192471861839,0.4162869155406952,-0.36439454555511475,-0.006146910134702921,0.009675838053226471,-0.46685782074928284,-0.33984342217445374,0.3480853736400604,-0.12772557139396667,-0.03360098600387573,-0.02676827274262905,-0.3185650110244751,0.3372206687927246,-0.06992756575345993,0.10370435565710068,1.8588849306106567,1.0693937540054321,-1.6575348377227783,-0.020439153537154198,-0.046810880303382874,-0.04546741023659706,1.6601778268814087,-1.222032904624939,-0.041593998670578,0.05088329687714577,0.3339895009994507,0.37692975997924805,-0.4532751142978668,-0.036524731665849686,-0.01456926017999649,0.0650191679596901,0.4414046108722687,-0.2920716404914856,-0.035764310508966446]},"inputBias":{"rows":10,"columns":1,"weights":[-0.44381454586982727,0.71666020154953,0.054178591817617416,0.7755419611930847,-0.39860454201698303,-0.6519201993942261,-0.3010772466659546,0.7187085747718811,1.6828367710113525,-0.3219797611236572]},"forgetMatrix":{"rows":10,"columns":2,"weights":[-0.3302994668483734,-0.41248393058776855,0.2143145352602005,0.487678200006485,0.6051743626594543,0.37844201922416687,0.6821033358573914,0.6759190559387207,-0.33765605092048645,-0.42140406370162964,-0.29410457611083984,-0.3840866982936859,-0.37619543075561523,-0.31437817215919495,0.5884303450584412,0.5482760667800903,-0.3325765132904053,0.0038641183637082577,-0.4211311340332031,-0.3582606315612793]},"forgetHidden":{"rows":10,"columns":10,"weights":[-0.0711030513048172,0.04661279916763306,0.10077042877674103,-0.14831885695457458,-0.057786766439676285,-0.051631033420562744,-0.026366809383034706,0.042615849524736404,-0.0020034697372466326,-0.05129352957010269,-0.2683662474155426,-0.5358943343162537,-0.659510612487793,0.5286734104156494,-0.17777502536773682,-0.21211722493171692,-0.1166091337800026,-0.5101256966590881,0.3707028329372406,-0.2663605511188507,-0.18288029730319977,-0.8266580700874329,-0.8546656370162964,0.5815528035163879,-0.08881396055221558,0.016822176054120064,-0.06481970846652985,-0.5639892220497131,0.6346331238746643,-0.11758774518966675,0.04649362713098526,-0.5210207104682922,-0.35430604219436646,0.4117952883243561,-0.039411067962646484,-0.020252183079719543,0.028172945603728294,-0.34499576687812805,0.4137421250343323,-0.08794551342725754,0.03419750928878784,0.07093784213066101,-0.021647198125720024,-0.06556202471256256,-0.044025909155607224,-0.009527941234409809,0.008068522438406944,0.0408487468957901,0.02316957898437977,-0.035933054983615875,-0.021725233644247055,0.14828966557979584,0.015856493264436722,-0.13203278183937073,-0.08554799854755402,-0.1286163181066513,-0.010216536931693554,0.15379351377487183,0.024735765531659126,-0.037452951073646545,-0.01632886752486229,0.09627162665128708,0.012394639663398266,-0.10922965407371521,0.025328105315566063,0.005140263587236404,0.07265368849039078,0.1006709635257721,0.013351600617170334,0.05157829821109772,-0.09599806368350983,-0.40443602204322815,-0.42852768301963806,0.3621525168418884,-0.06357500702142715,-0.14871986210346222,-0.1533895581960678,-0.32763558626174927,0.3415238559246063,-0.17723499238491058,-0.3504836857318878,0.4385932385921478,0.3373761475086212,-0.23862354457378387,-0.2978500425815582,-0.23404352366924286,-0.2511439323425293,0.3594156503677368,-0.07795188575983047,-0.2981622517108917,-0.0466533862054348,0.11200366169214249,0.007080018986016512,-0.022892627865076065,0.0504295788705349,-0.01474694348871708,-0.04042429104447365,0.012490073218941689,-0.04346979036927223,0.03988683223724365]},"forgetBias":{"rows":10,"columns":1,"weights":[0,0,0,0,0,0,0,0,0,0]},"outputMatrix":{"rows":10,"columns":2,"weights":[-0.5805764198303223,-0.60540372133255,0.22821666300296783,0.7770233154296875,0.9238885045051575,0.6315558552742004,0.6904981732368469,0.7525972723960876,-0.6869444847106934,-0.5596420764923096,-0.4110645055770874,-0.44737619161605835,-0.6814799308776855,-0.6594179272651672,0.6608306169509888,0.6283901929855347,0.7087030410766602,0.8571614027023315,-0.6401618719100952,-0.6408633589744568]},"outputHidden":{"rows":10,"columns":10,